,Astronomy,Herbology,Divination,Muggle Studies,Ancient Runes,History of Magic,Transfiguration,Potions,Charms,Flying
mean_x,43.63228312480691,1.1988293976879585,3.2104673668417103,-221.1160506996254,496.10311672055207,2.9933735872562184,1030.1010130034858,5.969233604151884,-243.28326603150788,22.691785446361592
std_x,521.4006850874888,5.219940655371193,4.121246432152216,485.8590218462402,106.46180042361937,4.434039784626324,43.90069737060884,3.105475267324366,8.791569422364379,97.55758022071632
