,Astronomy,Herbology,Divination,Muggle Studies,Ancient Runes,History of Magic,Transfiguration,Potions,Charms,Flying
mean_x,43.63228312480691,1.1988293976879607,3.210467366841709,-221.1160506996257,496.1031167205518,2.99337358725622,1030.1010130034856,5.969233604151886,-243.2832660315079,22.691785446361592
std_x,521.4006850874885,5.219940655371198,4.121246432152218,485.85902184624007,106.46180042361937,4.434039784626323,43.90069737060881,3.105475267324364,8.79156942236437,97.55758022071632
